date,real_date,pos,neu,neg,dayNormPos,dayNormNeu,dayNormNeg,normalizedPos,normalizedNeu,normalizedNeg,normalizedDate
2023-06-26 00:00:00,2023-06-26 00:00:00,272,000000,373,000000,180,000000,0,566269,1,000000,0,000000,0,590011,0,555899,0,525796,0,000000
2023-06-27 00:00:00,2023-06-27 00:00:00,2782,000000,3500,000000,3543,000000,0,000000,0,949497,1,000000,0,834222,0,793573,0,826651,0,001289
2023-06-28 00:00:00,2023-06-28 00:00:00,3189,000000,4752,000000,3200,000000,0,000000,1,000000,0,008634,0,848578,0,826062,0,816355,0,002577
2023-06-29 00:00:00,2023-06-29 00:00:00,145,000000,1065,000000,280,000000,0,000000,1,000000,0,329340,0,524182,0,667206,0,570285,0,003866
2023-07-01 00:00:00,2023-07-01 00:00:00,173,000000,325,000000,1591,000000,0,000000,0,283618,1,000000,0,542636,0,541302,0,745709,0,006443
2023-07-02 00:00:00,2023-07-02 00:00:00,1086,000000,3527,000000,5030,000000,0,000000,0,768380,1,000000,0,735340,0,794389,0,862088,0,007732
2023-07-03 00:00:00,2023-07-03 00:00:00,5160,000000,4396,000000,1923,000000,1,000000,0,837637,0,000000,0,899182,0,817788,0,764867,0,009021
2023-07-04 00:00:00,2023-07-04 00:00:00,3598,000000,3845,000000,2422,000000,0,856334,1,000000,0,000000,0,861267,0,803560,0,788191,0,010309
2023-07-05 00:00:00,2023-07-05 00:00:00,3848,000000,5856,000000,2694,000000,0,459156,1,000000,0,000000,0,868331,0,848257,0,798951,0,011598
2023-07-06 00:00:00,2023-07-06 00:00:00,140,000000,182,000000,104,000000,0,530668,1,000000,0,000000,0,520517,0,479942,0,470720,0,012887
2023-07-10 00:00:00,2023-07-10 00:00:00,2515,000000,3815,000000,3811,000000,0,000000,1,000000,0,997484,0,823614,0,802728,0,834024,0,018041
2023-07-11 00:00:00,2023-07-11 00:00:00,2294,000000,4154,000000,3184,000000,0,000000,1,000000,0,552108,0,813943,0,811773,0,815848,0,019330
2023-07-12 00:00:00,2023-07-12 00:00:00,2624,000000,4894,000000,4374,000000,0,000000,1,000000,0,819770,0,828074,0,829190,0,847957,0,020619
2023-07-13 00:00:00,2023-07-13 00:00:00,68,000000,123,000000,94,000000,0,000000,1,000000,0,545520,0,445348,0,438582,0,460597,0,021907
2023-07-16 00:00:00,2023-07-16 00:00:00,340,000000,1700,000000,749,000000,0,000000,1,000000,0,490446,0,613404,0,716865,0,669580,0,025773
2023-07-17 00:00:00,2023-07-17 00:00:00,2117,000000,7551,000000,2395,000000,0,000000,1,000000,0,097007,0,805502,0,875268,0,787057,0,027062
2023-07-18 00:00:00,2023-07-18 00:00:00,2403,000000,6370,000000,2044,000000,0,142328,1,000000,0,000000,0,818824,0,857196,0,771036,0,028351
2023-07-19 00:00:00,2023-07-19 00:00:00,2287,000000,6100,000000,2870,000000,0,000000,1,000000,0,231432,0,813622,0,852594,0,805350,0,029639
2023-07-20 00:00:00,2023-07-20 00:00:00,71,000000,173,000000,80,000000,0,000000,1,000000,0,133482,0,449825,0,474583,0,444472,0,030928
2023-07-23 00:00:00,2023-07-23 00:00:00,614,000000,2119,000000,1864,000000,0,000000,1,000000,0,896444,0,675434,0,740265,0,761717,0,034794
2023-07-24 00:00:00,2023-07-24 00:00:00,1514,000000,5113,000000,2127,000000,0,000000,1,000000,0,279284,0,770260,0,833841,0,775060,0,036082
2023-07-25 00:00:00,2023-07-25 00:00:00,1300,000000,3020,000000,1549,000000,0,000000,1,000000,0,207871,0,754243,0,777902,0,743004,0,037371
2023-07-26 00:00:00,2023-07-26 00:00:00,1232,000000,4264,000000,1558,000000,0,000000,1,000000,0,189038,0,748596,0,814549,0,743590,0,038660
2023-07-27 00:00:00,2023-07-27 00:00:00,35,000000,111,000000,80,000000,0,000000,1,000000,0,714489,0,376919,0,427766,0,444472,0,039948
2023-07-31 00:00:00,2023-07-31 00:00:00,2267,000000,4046,000000,3808,000000,0,000000,1,000000,0,895335,0,812699,0,808974,0,833944,0,045103
2023-08-01 00:00:00,2023-08-01 00:00:00,2405,000000,3692,000000,1835,000000,0,386888,1,000000,0,000000,0,818911,0,799246,0,760132,0,046392
2023-08-02 00:00:00,2023-08-02 00:00:00,2193,000000,4746,000000,1639,000000,0,273829,1,000000,0,000000,0,809210,0,825927,0,748713,0,047680
2023-08-03 00:00:00,2023-08-03 00:00:00,63,000000,112,000000,44,000000,0,382547,1,000000,0,000000,0,437436,0,428711,0,385021,0,048969
2023-08-06 00:00:00,2023-08-06 00:00:00,206,000000,394,000000,383,000000,0,000000,1,000000,0,956291,0,560902,0,561705,0,601871,0,052835
2023-08-07 00:00:00,2023-08-07 00:00:00,1463,000000,3891,000000,1846,000000,0,000000,1,000000,0,237679,0,766658,0,804824,0,760736,0,054124
2023-08-08 00:00:00,2023-08-08 00:00:00,1861,000000,3519,000000,1300,000000,0,360201,1,000000,0,000000,0,791952,0,794148,0,725292,0,055412
2023-08-09 00:00:00,2023-08-09 00:00:00,1991,000000,6551,000000,2441,000000,0,000000,1,000000,0,171068,0,799050,0,860173,0,788981,0,056701
2023-08-10 00:00:00,2023-08-10 00:00:00,92,000000,320,000000,192,000000,0,000000,1,000000,0,589333,0,476744,0,539660,0,532289,0,057990
2023-08-14 00:00:00,2023-08-14 00:00:00,2024,000000,2369,000000,4104,000000,0,000000,0,222633,1,000000,0,800779,0,752111,0,841514,0,063144
2023-08-15 00:00:00,2023-08-15 00:00:00,2325,000000,3370,000000,5157,000000,0,000000,0,465921,1,000000,0,815355,0,789552,0,864609,0,064433
2023-08-16 00:00:00,2023-08-16 00:00:00,1551,000000,5496,000000,2291,000000,0,000000,1,000000,0,308289,0,772798,0,841516,0,782569,0,065722
2023-08-17 00:00:00,2023-08-17 00:00:00,31,000000,219,000000,63,000000,0,000000,1,000000,0,359536,0,364530,0,499511,0,420646,0,067010
2023-08-20 00:00:00,2023-08-20 00:00:00,346,000000,820,000000,294,000000,0,158614,1,000000,0,000000,0,615239,0,639454,0,575203,0,070876
2023-08-21 00:00:00,2023-08-21 00:00:00,1761,000000,4291,000000,1514,000000,0,145039,1,000000,0,000000,0,786146,0,815220,0,740694,0,072165
2023-08-22 00:00:00,2023-08-22 00:00:00,2029,000000,3988,000000,2207,000000,0,000000,1,000000,0,124428,0,801038,0,807440,0,778792,0,073454
2023-08-23 00:00:00,2023-08-23 00:00:00,2334,000000,4009,000000,2499,000000,0,000000,1,000000,0,126260,0,815761,0,807998,0,791355,0,074742
2023-08-24 00:00:00,2023-08-24 00:00:00,47,000000,142,000000,69,000000,0,000000,1,000000,0,345620,0,407178,0,453732,0,429710,0,076031
2023-08-27 00:00:00,2023-08-27 00:00:00,803,000000,1638,000000,793,000000,0,017269,1,000000,0,000000,0,703620,0,712919,0,675346,0,079897
2023-08-28 00:00:00,2023-08-28 00:00:00,1700,000000,3460,000000,1300,000000,0,273995,1,000000,0,000000,0,782440,0,792352,0,725292,0,081186
2023-08-29 00:00:00,2023-08-29 00:00:00,2571,000000,3823,000000,1459,000000,0,588089,1,000000,0,000000,0,825929,0,802951,0,736954,0,082474
2023-08-30 00:00:00,2023-08-30 00:00:00,1581,000000,3489,000000,1371,000000,0,152544,1,000000,0,000000,0,774811,0,793238,0,730666,0,083763
2023-08-31 00:00:00,2023-08-31 00:00:00,49,000000,217,000000,46,000000,0,040327,1,000000,0,000000,0,411471,0,498540,0,389419,0,085052
2023-09-03 00:00:00,2023-09-03 00:00:00,520,000000,1760,000000,749,000000,0,000000,1,000000,0,299144,0,657987,0,720549,0,669580,0,088918
2023-09-04 00:00:00,2023-09-04 00:00:00,3090,000000,4816,000000,2600,000000,0,280077,1,000000,0,000000,0,845262,0,827483,0,795361,0,090206
2023-09-05 00:00:00,2023-09-05 00:00:00,2822,000000,5464,000000,3323,000000,0,000000,1,000000,0,247317,0,835723,0,840895,0,820168,0,091495
2023-09-06 00:00:00,2023-09-06 00:00:00,2141,000000,5177,000000,2830,000000,0,000000,1,000000,0,315959,0,806687,0,835163,0,803931,0,092784
2023-09-07 00:00:00,2023-09-07 00:00:00,70,000000,150,000000,88,000000,0,000000,1,000000,0,299439,0,448354,0,459517,0,453998,0,094072
2023-09-11 00:00:00,2023-09-11 00:00:00,2361,000000,2708,000000,2556,000000,0,000000,1,000000,0,578723,0,816970,0,766318,0,793635,0,099227
2023-09-12 00:00:00,2023-09-12 00:00:00,3784,000000,5921,000000,6081,000000,0,000000,0,943792,1,000000,0,866567,0,849430,0,881276,0,100516
2023-09-13 00:00:00,2023-09-13 00:00:00,3406,000000,4845,000000,6472,000000,0,000000,0,548951,1,000000,0,855501,0,828121,0,887578,0,101804
2023-09-14 00:00:00,2023-09-14 00:00:00,138,000000,129,000000,199,000000,0,155390,0,000000,1,000000,0,519014,0,443604,0,535893,0,103093
2023-09-18 00:00:00,2023-09-18 00:00:00,911,000000,2272,000000,944,000000,0,000000,1,000000,0,038923,0,716877,0,747670,0,692956,0,108247
2023-09-19 00:00:00,2023-09-19 00:00:00,3227,000000,4817,000000,3681,000000,0,000000,1,000000,0,328575,0,849824,0,827505,0,830514,0,109536
2023-09-20 00:00:00,2023-09-20 00:00:00,4697,000000,11048,000000,8187,000000,0,000000,1,000000,0,649592,0,889296,0,915705,0,911350,0,110825
2023-09-21 00:00:00,2023-09-21 00:00:00,183,000000,216,000000,267,000000,0,000000,0,438667,1,000000,0,548513,0,498051,0,565494,0,112113
2023-09-24 00:00:00,2023-09-24 00:00:00,401,000000,986,000000,607,000000,0,000000,1,000000,0,460604,0,630714,0,659023,0,648350,0,115979
2023-09-25 00:00:00,2023-09-25 00:00:00,2539,000000,4022,000000,2225,000000,0,222969,1,000000,0,000000,0,824612,0,808342,0,779614,0,117268
2023-09-26 00:00:00,2023-09-26 00:00:00,3640,000000,5831,000000,2482,000000,0,448290,1,000000,0,000000,0,862487,0,847802,0,790665,0,118557
2023-09-27 00:00:00,2023-09-27 00:00:00,2835,000000,7041,000000,3306,000000,0,000000,1,000000,0,168936,0,836206,0,867837,0,819650,0,119845
2023-09-28 00:00:00,2023-09-28 00:00:00,85,000000,333,000000,217,000000,0,000000,1,000000,0,685549,0,468514,0,543879,0,544609,0,121134
2023-10-01 00:00:00,2023-10-01 00:00:00,40,000000,678,000000,126,000000,0,000000,1,000000,0,402777,0,390598,0,619274,0,489960,0,125000
2023-10-02 00:00:00,2023-10-02 00:00:00,2419,000000,15830,000000,4759,000000,0,000000,1,000000,0,360174,0,819522,0,953923,0,856487,0,126289
2023-10-03 00:00:00,2023-10-03 00:00:00,3915,000000,9411,000000,7291,000000,0,000000,1,000000,0,708971,0,870146,0,898665,0,899628,0,127577
2023-10-04 00:00:00,2023-10-04 00:00:00,192,000000,362,000000,277,000000,0,000000,1,000000,0,577685,0,553536,0,552727,0,569200,0,128866
2023-10-07 00:00:00,2023-10-07 00:00:00,1102,000000,1487,000000,828,000000,0,488178,1,000000,0,000000,0,736877,0,702648,0,679709,0,132732
2023-10-08 00:00:00,2023-10-08 00:00:00,1675,000000,3033,000000,3229,000000,0,000000,0,904584,1,000000,0,780883,0,778359,0,817267,0,134021
2023-10-09 00:00:00,2023-10-09 00:00:00,1995,000000,4330,000000,4210,000000,0,000000,1,000000,0,963728,0,799261,0,816181,0,844092,0,135309
2023-10-10 00:00:00,2023-10-10 00:00:00,2916,000000,4469,000000,5394,000000,0,000000,0,694130,1,000000,0,839168,0,819538,0,869153,0,136598
2023-10-11 00:00:00,2023-10-11 00:00:00,123,000000,83,000000,76,000000,1,000000,0,182614,0,000000,0,507003,0,397195,0,439350,0,137887
2023-10-15 00:00:00,2023-10-15 00:00:00,1759,000000,5139,000000,1793,000000,0,000000,1,000000,0,017853,0,786026,0,834380,0,757791,0,143041
2023-10-16 00:00:00,2023-10-16 00:00:00,3886,000000,4846,000000,2923,000000,0,563279,1,000000,0,000000,0,869364,0,828143,0,807200,0,144330
2023-10-17 00:00:00,2023-10-17 00:00:00,2637,000000,5682,000000,3848,000000,0,000000,1,000000,0,492265,0,828594,0,845052,0,835001,0,145619
2023-10-18 00:00:00,2023-10-18 00:00:00,86,000000,162,000000,139,000000,0,000000,1,000000,0,757729,0,469730,0,467643,0,499817,0,146907
2023-10-22 00:00:00,2023-10-22 00:00:00,1044,000000,1622,000000,1271,000000,0,000000,1,000000,0,446495,0,731196,0,711877,0,723012,0,152062
2023-10-23 00:00:00,2023-10-23 00:00:00,4852,000000,8398,000000,3584,000000,0,355714,1,000000,0,000000,0,892710,0,886564,0,827814,0,153351
2023-10-24 00:00:00,2023-10-24 00:00:00,3516,000000,7751,000000,5256,000000,0,000000,1,000000,0,508580,0,858843,0,878045,0,866532,0,154639
2023-10-25 00:00:00,2023-10-25 00:00:00,163,000000,255,000000,188,000000,0,000000,1,000000,0,318610,0,536410,0,515615,0,530171,0,155928
2023-10-29 00:00:00,2023-10-29 00:00:00,1624,000000,2955,000000,2989,000000,0,000000,0,981245,1,000000,0,777632,0,775591,0,809458,0,161083
2023-10-30 00:00:00,2023-10-30 00:00:00,2200,000000,3561,000000,4683,000000,0,000000,0,637426,1,000000,0,809545,0,795408,0,854859,0,162371
2023-10-31 00:00:00,2023-10-31 00:00:00,3903,000000,6421,000000,8224,000000,0,000000,0,667932,1,000000,0,869823,0,858043,0,911806,0,163660
2023-11-01 00:00:00,2023-11-01 00:00:00,8,000000,15,000000,17,000000,0,000000,0,830075,1,000000,0,231107,0,220978,0,292344,0,164949
2023-11-05 00:00:00,2023-11-05 00:00:00,2342,000000,3911,000000,1443,000000,0,485651,1,000000,0,000000,0,816121,0,805368,0,735840,0,170103
2023-11-06 00:00:00,2023-11-06 00:00:00,4377,000000,8791,000000,3311,000000,0,285816,1,000000,0,000000,0,881876,0,891424,0,819803,0,171392
2023-11-07 00:00:00,2023-11-07 00:00:00,5178,000000,9968,000000,6774,000000,0,000000,1,000000,0,410200,0,899548,0,904775,0,892190,0,172680
2023-11-08 00:00:00,2023-11-08 00:00:00,23,000000,23,000000,9,000000,1,000000,1,000000,0,000000,0,334272,0,264066,0,232893,0,173969
2023-11-10 00:00:00,2023-11-10 00:00:00,1215,000000,2652,000000,1619,000000,0,000000,1,000000,0,367710,0,747136,0,764098,0,747472,0,176546
2023-11-11 00:00:00,2023-11-11 00:00:00,2570,000000,5226,000000,4181,000000,0,000000,1,000000,0,685645,0,825888,0,836164,0,843393,0,177835
2023-11-12 00:00:00,2023-11-12 00:00:00,3337,000000,6708,000000,3017,000000,0,126151,1,000000,0,000000,0,853348,0,862689,0,810401,0,179124
2023-11-13 00:00:00,2023-11-13 00:00:00,4337,000000,6467,000000,2400,000000,0,596912,1,000000,0,000000,0,880910,0,858802,0,787268,0,180412
2023-11-14 00:00:00,2023-11-14 00:00:00,3,000000,14,000000,4,000000,0,000000,1,000000,0,168824,0,145812,0,214120,0,162785,0,181701
2023-11-17 00:00:00,2023-11-17 00:00:00,3496,000000,6637,000000,2238,000000,0,410272,1,000000,0,000000,0,858243,0,861559,0,780203,0,185567
2023-11-18 00:00:00,2023-11-18 00:00:00,2244,000000,4715,000000,2585,000000,0,000000,1,000000,0,190510,0,811627,0,825231,0,794776,0,186856
2023-11-19 00:00:00,2023-11-19 00:00:00,1704,000000,3488,000000,2032,000000,0,000000,1,000000,0,245719,0,782687,0,793208,0,770440,0,188144
2023-11-20 00:00:00,2023-11-20 00:00:00,2473,000000,6242,000000,4212,000000,0,000000,1,000000,0,575113,0,821843,0,855039,0,844140,0,189433
2023-11-21 00:00:00,2023-11-21 00:00:00,7,000000,19,000000,8,000000,0,000000,1,000000,0,128543,0,218718,0,244691,0,222236,0,190722
2023-11-26 00:00:00,2023-11-26 00:00:00,1347,000000,4632,000000,12426,000000,0,000000,0,555806,1,000000,0,757975,0,823344,0,953547,0,197165
2023-11-27 00:00:00,2023-11-27 00:00:00,8249,000000,13389,000000,9419,000000,0,000000,1,000000,0,273845,0,948521,0,936127,0,925527,0,198454
2023-11-28 00:00:00,2023-11-28 00:00:00,41,000000,63,000000,34,000000,0,302090,1,000000,0,000000,0,393133,0,368297,0,359602,0,199742
2023-12-01 00:00:00,2023-12-01 00:00:00,696,000000,1435,000000,948,000000,0,000000,1,000000,0,426965,0,688599,0,698868,0,693383,0,203608
2023-12-02 00:00:00,2023-12-02 00:00:00,1822,000000,3123,000000,6633,000000,0,000000,0,416986,1,000000,0,789726,0,781465,0,890063,0,204897
2023-12-03 00:00:00,2023-12-03 00:00:00,2168,000000,3565,000000,3268,000000,0,000000,1,000000,0,825091,0,808004,0,795528,0,818481,0,206186
2023-12-04 00:00:00,2023-12-04 00:00:00,3147,000000,7646,000000,7558,000000,0,000000,1,000000,0,986959,0,847184,0,876596,0,903265,0,207474
2023-12-05 00:00:00,2023-12-05 00:00:00,4,000000,17,000000,20,000000,0,000000,0,892584,1,000000,0,169283,0,233495,0,307935,0,208763
2023-12-07 00:00:00,2023-12-07 00:00:00,6,000000,15,000000,7,000000,0,000000,1,000000,0,161528,0,204673,0,220978,0,210323,0,211340
2023-12-08 00:00:00,2023-12-08 00:00:00,3909,000000,8231,000000,5213,000000,0,000000,1,000000,0,386586,0,869984,0,884430,0,865701,0,212629
2023-12-09 00:00:00,2023-12-09 00:00:00,4044,000000,7213,000000,2157,000000,0,520615,1,000000,0,000000,0,873555,0,870402,0,776476,0,213918
2023-12-10 00:00:00,2023-12-10 00:00:00,2598,000000,5905,000000,4162,000000,0,000000,1,000000,0,573934,0,827027,0,849142,0,842933,0,215206
2023-12-11 00:00:00,2023-12-11 00:00:00,3,000000,23,000000,14,000000,0,000000,1,000000,0,737686,0,145812,0,264066,0,273903,0,216495
2023-12-13 00:00:00,2023-12-13 00:00:00,790,000000,1223,000000,1189,000000,0,000000,1,000000,0,935474,0,701905,0,681893,0,716272,0,219072
2023-12-14 00:00:00,2023-12-14 00:00:00,3620,000000,6657,000000,3825,000000,0,000000,1,000000,0,090417,0,861908,0,861879,0,834395,0,220361
2023-12-15 00:00:00,2023-12-15 00:00:00,2792,000000,5076,000000,2757,000000,0,020666,1,000000,0,000000,0,834599,0,833069,0,801289,0,221650
2023-12-16 00:00:00,2023-12-16 00:00:00,1932,000000,3666,000000,3367,000000,0,000000,1,000000,0,867164,0,795888,0,798496,0,821499,0,222938
2023-12-17 00:00:00,2023-12-17 00:00:00,2263,000000,4149,000000,3370,000000,0,000000,1,000000,0,656918,0,812513,0,811645,0,821589,0,224227
2023-12-18 00:00:00,2023-12-18 00:00:00,6,000000,8,000000,10,000000,0,000000,0,556024,1,000000,0,204673,0,159835,0,242533,0,225516
2023-12-21 00:00:00,2023-12-21 00:00:00,5568,000000,4646,000000,3384,000000,1,000000,0,636459,0,000000,0,907185,0,823665,0,822008,0,229382
2023-12-22 00:00:00,2023-12-22 00:00:00,5409,000000,4472,000000,2609,000000,1,000000,0,739072,0,000000,0,904138,0,819609,0,795710,0,230670
2023-12-23 00:00:00,2023-12-23 00:00:00,1658,000000,2591,000000,1522,000000,0,160853,1,000000,0,000000,0,779810,0,761627,0,741227,0,231959
2023-12-24 00:00:00,2023-12-24 00:00:00,1199,000000,2215,000000,1969,000000,0,000000,1,000000,0,808161,0,745743,0,744972,0,767257,0,233247
2023-12-25 00:00:00,2023-12-25 00:00:00,2,000000,3,000000,3,000000,0,000000,1,000000,1,000000,0,115553,0,073659,0,140215,0,234536
2023-12-29 00:00:00,2023-12-29 00:00:00,1441,000000,2239,000000,2408,000000,0,000000,0,858265,1,000000,0,765066,0,746116,0,787604,0,239691
2023-12-30 00:00:00,2023-12-30 00:00:00,2268,000000,2886,000000,2882,000000,0,000000,1,000000,0,994243,0,812745,0,773081,0,805772,0,240979
2023-12-31 00:00:00,2023-12-31 00:00:00,2368,000000,2928,000000,1968,000000,0,465691,1,000000,0,000000,0,817281,0,774616,0,767205,0,242268
2024-01-01 00:00:00,2024-01-01 00:00:00,9,000000,1,000000,2,000000,1,000000,0,000000,0,251930,0,242189,0,000000,0,111118,0,243557
2024-01-05 00:00:00,2024-01-05 00:00:00,1850,000000,2718,000000,1698,000000,0,182224,1,000000,0,000000,0,791329,0,766710,0,752288,0,248711
2024-01-06 00:00:00,2024-01-06 00:00:00,1716,000000,3994,000000,2584,000000,0,000000,1,000000,0,484505,0,783425,0,807600,0,794737,0,250000
2024-01-07 00:00:00,2024-01-07 00:00:00,4705,000000,3927,000000,2415,000000,1,000000,0,728962,0,000000,0,889475,0,805802,0,787898,0,251289
2024-01-08 00:00:00,2024-01-08 00:00:00,33,000000,7,000000,3,000000,1,000000,0,323891,0,000000,0,370907,0,147319,0,140215,0,252577
2024-01-12 00:00:00,2024-01-12 00:00:00,3700,000000,6367,000000,2909,000000,0,307036,1,000000,0,000000,0,864206,0,857146,0,806715,0,257732
2024-01-13 00:00:00,2024-01-13 00:00:00,3103,000000,8612,000000,3725,000000,0,000000,1,000000,0,178960,0,845704,0,889238,0,831716,0,259021
2024-01-14 00:00:00,2024-01-14 00:00:00,1810,000000,3586,000000,3312,000000,0,000000,1,000000,0,883730,0,789031,0,796152,0,819833,0,260309
2024-01-15 00:00:00,2024-01-15 00:00:00,4,000000,4,000000,18,000000,0,000000,0,000000,1,000000,0,169283,0,097372,0,297812,0,261598
2024-01-18 00:00:00,2024-01-18 00:00:00,3516,000000,6504,000000,3866,000000,0,000000,1,000000,0,154270,0,858843,0,859408,0,835473,0,265464
2024-01-19 00:00:00,2024-01-19 00:00:00,2689,000000,5552,000000,3639,000000,0,000000,1,000000,0,417278,0,830647,0,842593,0,829354,0,266753
2024-01-20 00:00:00,2024-01-20 00:00:00,1310,000000,2443,000000,1793,000000,0,000000,1,000000,0,503588,0,755048,0,755379,0,757791,0,268041
2024-01-21 00:00:00,2024-01-21 00:00:00,1897,000000,2199,000000,2733,000000,0,000000,0,404578,1,000000,0,793966,0,744202,0,800405,0,269330
2024-01-22 00:00:00,2024-01-22 00:00:00,3,000000,2,000000,4,000000,0,563171,0,000000,1,000000,0,145812,0,043088,0,162785,0,270619
2024-01-25 00:00:00,2024-01-25 00:00:00,517,000000,964,000000,3762,000000,0,000000,0,313744,1,000000,0,657380,0,656628,0,832715,0,274485
2024-01-26 00:00:00,2024-01-26 00:00:00,1664,000000,3396,000000,5537,000000,0,000000,0,593329,1,000000,0,780190,0,790368,0,871799,0,275773
2024-01-27 00:00:00,2024-01-27 00:00:00,1777,000000,2415,000000,4197,000000,0,000000,0,356905,1,000000,0,787097,0,754154,0,843779,0,277062
2024-01-28 00:00:00,2024-01-28 00:00:00,2578,000000,2746,000000,2310,000000,0,634854,1,000000,0,000000,0,826215,0,767799,0,783404,0,278351
2024-01-29 00:00:00,2024-01-29 00:00:00,22,000000,10,000000,5,000000,1,000000,0,451083,0,000000,0,329795,0,181160,0,181226,0,279639
2024-01-30 00:00:00,2024-01-30 00:00:00,225,000000,700,000000,417,000000,0,000000,1,000000,0,543252,0,570138,0,622662,0,610452,0,280928
2024-01-31 00:00:00,2024-01-31 00:00:00,2885,000000,5267,000000,3290,000000,0,000000,1,000000,0,218219,0,838045,0,836994,0,819159,0,282217
2024-02-01 00:00:00,2024-02-01 00:00:00,1657,000000,3959,000000,1801,000000,0,000000,1,000000,0,095661,0,779747,0,806664,0,758241,0,283505
2024-02-02 00:00:00,2024-02-02 00:00:00,2261,000000,7581,000000,1623,000000,0,215043,1,000000,0,000000,0,812420,0,875689,0,747721,0,284794
2024-02-03 00:00:00,2024-02-03 00:00:00,1451,000000,3429,000000,1223,000000,0,165772,1,000000,0,000000,0,765792,0,791395,0,719121,0,286083
2024-02-04 00:00:00,2024-02-04 00:00:00,1838,000000,3807,000000,2306,000000,0,000000,1,000000,0,311487,0,790645,0,802505,0,783229,0,287371
2024-02-05 00:00:00,2024-02-05 00:00:00,6,000000,15,000000,9,000000,0,000000,1,000000,0,431456,0,204673,0,220978,0,232893,0,288660
2024-02-08 00:00:00,2024-02-08 00:00:00,1043,000000,2640,000000,1564,000000,0,000000,1,000000,0,436189,0,731095,0,763617,0,743978,0,292526
2024-02-09 00:00:00,2024-02-09 00:00:00,3171,000000,5518,000000,4227,000000,0,000000,1,000000,0,518868,0,847983,0,841940,0,844500,0,293814
2024-02-10 00:00:00,2024-02-10 00:00:00,4121,000000,4064,000000,3725,000000,1,000000,0,862138,0,000000,0,875538,0,809445,0,831716,0,295103
2024-02-11 00:00:00,2024-02-11 00:00:00,2419,000000,4045,000000,1599,000000,0,445999,1,000000,0,000000,0,819522,0,808948,0,746216,0,296392
2024-02-12 00:00:00,2024-02-12 00:00:00,4,000000,6,000000,4,000000,0,000000,1,000000,0,000000,0,169283,0,133129,0,162785,0,297680
2024-02-15 00:00:00,2024-02-15 00:00:00,396,000000,877,000000,729,000000,0,000000,1,000000,0,767419,0,629398,0,646587,0,666847,0,301546
2024-02-16 00:00:00,2024-02-16 00:00:00,2257,000000,6132,000000,2478,000000,0,000000,1,000000,0,093450,0,812234,0,853150,0,790502,0,302835
2024-02-17 00:00:00,2024-02-17 00:00:00,1860,000000,4981,000000,2725,000000,0,000000,1,000000,0,387646,0,791895,0,831062,0,800108,0,304124
2024-02-18 00:00:00,2024-02-18 00:00:00,1955,000000,4211,000000,5581,000000,0,000000,0,731454,1,000000,0,797132,0,813220,0,872599,0,305412
2024-02-19 00:00:00,2024-02-19 00:00:00,2,000000,8,000000,8,000000,0,000000,1,000000,1,000000,0,115553,0,159835,0,222236,0,306701
2024-02-23 00:00:00,2024-02-23 00:00:00,12618,000000,4803,000000,3289,000000,1,000000,0,281601,0,000000,0,993222,0,827196,0,819129,0,311856
2024-02-24 00:00:00,2024-02-24 00:00:00,4667,000000,3166,000000,2082,000000,1,000000,0,519227,0,000000,0,888622,0,782918,0,772898,0,313144
2024-02-25 00:00:00,2024-02-25 00:00:00,7707,000000,3144,000000,5442,000000,1,000000,0,000000,0,611880,0,941373,0,782177,0,870049,0,314433
2024-02-26 00:00:00,2024-02-26 00:00:00,65,000000,14,000000,3,000000,1,000000,0,471490,0,000000,0,440673,0,214120,0,140215,0,315722
2024-02-29 00:00:00,2024-02-29 00:00:00,1059,000000,4185,000000,1947,000000,0,000000,1,000000,0,443061,0,732695,0,812562,0,766121,0,319588
2024-03-01 00:00:00,2024-03-01 00:00:00,2232,000000,4313,000000,3395,000000,0,000000,1,000000,0,636659,0,811063,0,815763,0,822336,0,320876
2024-03-02 00:00:00,2024-03-02 00:00:00,2220,000000,3741,000000,4697,000000,0,000000,0,696312,1,000000,0,810496,0,800647,0,855161,0,322165
2024-03-03 00:00:00,2024-03-03 00:00:00,1444,000000,2647,000000,2541,000000,0,000000,1,000000,0,932551,0,765284,0,763898,0,793040,0,323454
2024-03-04 00:00:00,2024-03-04 00:00:00,2,000000,16,000000,11,000000,0,000000,1,000000,0,799201,0,115553,0,227421,0,251333,0,324742
2024-03-07 00:00:00,2024-03-07 00:00:00,3333,000000,7723,000000,5230,000000,0,000000,1,000000,0,536124,0,853222,0,877661,0,866031,0,328608
2024-03-08 00:00:00,2024-03-08 00:00:00,2227,000000,5244,000000,2971,000000,0,000000,1,000000,0,336534,0,810827,0,836529,0,808847,0,329897
2024-03-09 00:00:00,2024-03-09 00:00:00,1756,000000,3431,000000,1801,000000,0,000000,1,000000,0,037772,0,785847,0,791457,0,758241,0,331186
2024-03-10 00:00:00,2024-03-10 00:00:00,1898,000000,3886,000000,1135,000000,0,417693,1,000000,0,000000,0,794022,0,804687,0,711575,0,332474
2024-03-11 00:00:00,2024-03-11 00:00:00,6,000000,6,000000,3,000000,1,000000,1,000000,0,000000,0,204673,0,133129,0,140215,0,333763
2024-03-14 00:00:00,2024-03-14 00:00:00,2363,000000,4244,000000,2299,000000,0,044785,1,000000,0,000000,0,817059,0,814050,0,782921,0,337629
2024-03-15 00:00:00,2024-03-15 00:00:00,1700,000000,3822,000000,2345,000000,0,000000,1,000000,0,396997,0,782440,0,802923,0,784924,0,338918
2024-03-16 00:00:00,2024-03-16 00:00:00,1458,000000,2593,000000,4177,000000,0,000000,0,546963,1,000000,0,766298,0,761708,0,843296,0,340206
2024-03-17 00:00:00,2024-03-17 00:00:00,2596,000000,2897,000000,3040,000000,0,000000,0,694827,1,000000,0,826946,0,773485,0,811168,0,341495
2024-03-18 00:00:00,2024-03-18 00:00:00,5,000000,8,000000,3,000000,0,500000,1,000000,0,000000,0,188459,0,159835,0,140215,0,342784
2024-03-21 00:00:00,2024-03-21 00:00:00,1840,000000,5644,000000,4138,000000,0,000000,1,000000,0,723047,0,790759,0,844339,0,842348,0,346650
2024-03-22 00:00:00,2024-03-22 00:00:00,2409,000000,4937,000000,3215,000000,0,000000,1,000000,0,402200,0,819086,0,830120,0,816828,0,347938
2024-03-23 00:00:00,2024-03-23 00:00:00,1820,000000,4707,000000,2066,000000,0,000000,1,000000,0,133399,0,789610,0,825051,0,772118,0,349227
2024-03-24 00:00:00,2024-03-24 00:00:00,2689,000000,3009,000000,1819,000000,0,776589,1,000000,0,000000,0,830647,0,777515,0,759246,0,350516
2024-03-25 00:00:00,2024-03-25 00:00:00,3,000000,4,000000,0,000000,0,861353,1,000000,0,000000,0,145812,0,097372,0,000000,0,351804
2024-03-28 00:00:00,2024-03-28 00:00:00,499,000000,846,000000,513,000000,0,000000,1,000000,0,052391,0,653660,0,642767,0,631363,0,355670
2024-03-29 00:00:00,2024-03-29 00:00:00,1935,000000,4455,000000,2482,000000,0,000000,1,000000,0,298506,0,796051,0,819205,0,790665,0,356959
2024-03-30 00:00:00,2024-03-30 00:00:00,1926,000000,3928,000000,4314,000000,0,000000,0,883750,1,000000,0,795561,0,805829,0,846560,0,358247
2024-03-31 00:00:00,2024-03-31 00:00:00,1300,000000,4720,000000,5020,000000,0,000000,0,954381,1,000000,0,754243,0,825344,0,861886,0,359536
2024-04-01 00:00:00,2024-04-01 00:00:00,59,000000,156,000000,147,000000,0,000000,1,000000,0,938628,0,430648,0,463658,0,505438,0,360825
2024-04-04 00:00:00,2024-04-04 00:00:00,2049,000000,3846,000000,2377,000000,0,000000,1,000000,0,235792,0,802069,0,803588,0,786294,0,364691
2024-04-05 00:00:00,2024-04-05 00:00:00,3254,000000,4111,000000,2332,000000,0,587622,1,000000,0,000000,0,850700,0,810667,0,784362,0,365979
2024-04-06 00:00:00,2024-04-06 00:00:00,2177,000000,4095,000000,3217,000000,0,000000,1,000000,0,618034,0,808440,0,810253,0,816891,0,367268
2024-04-07 00:00:00,2024-04-07 00:00:00,1611,000000,3186,000000,1793,000000,0,000000,1,000000,0,156942,0,776787,0,783587,0,757791,0,368557
2024-04-08 00:00:00,2024-04-08 00:00:00,104,000000,134,000000,64,000000,0,656151,1,000000,0,000000,0,489509,0,447614,0,422214,0,369845
2024-04-12 00:00:00,2024-04-12 00:00:00,4227,000000,7322,000000,4331,000000,0,000000,1,000000,0,044240,0,878209,0,871995,0,846958,0,375000
2024-04-13 00:00:00,2024-04-13 00:00:00,2319,000000,3417,000000,2300,000000,0,020782,1,000000,0,000000,0,815083,0,791023,0,782965,0,376289
2024-04-14 00:00:00,2024-04-14 00:00:00,2747,000000,4783,000000,3051,000000,0,000000,1,000000,0,189254,0,832891,0,826753,0,811534,0,377577
2024-04-15 00:00:00,2024-04-15 00:00:00,102,000000,202,000000,149,000000,0,000000,1,000000,0,554044,0,487486,0,490964,0,506795,0,378866
2024-04-18 00:00:00,2024-04-18 00:00:00,1370,000000,2473,000000,1961,000000,0,000000,1,000000,0,607194,0,759755,0,756675,0,766845,0,382732
2024-04-19 00:00:00,2024-04-19 00:00:00,5138,000000,4298,000000,2968,000000,1,000000,0,674689,0,000000,0,898733,0,815393,0,808745,0,384021
2024-04-20 00:00:00,2024-04-20 00:00:00,3651,000000,3145,000000,1643,000000,1,000000,0,813137,0,000000,0,862805,0,782211,0,748959,0,385309
2024-04-21 00:00:00,2024-04-21 00:00:00,1446,000000,2436,000000,946,000000,0,448517,1,000000,0,000000,0,765430,0,755074,0,693170,0,386598
2024-04-22 00:00:00,2024-04-22 00:00:00,31,000000,52,000000,42,000000,0,000000,1,000000,0,585593,0,364530,0,348256,0,380423,0,387887
2024-04-25 00:00:00,2024-04-25 00:00:00,1521,000000,3819,000000,1267,000000,0,165563,1,000000,0,000000,0,770745,0,802840,0,722693,0,391753
2024-04-26 00:00:00,2024-04-26 00:00:00,2437,000000,4972,000000,5208,000000,0,000000,0,938930,1,000000,0,820301,0,830870,0,865604,0,393041
2024-04-27 00:00:00,2024-04-27 00:00:00,2125,000000,4198,000000,4757,000000,0,000000,0,844857,1,000000,0,805898,0,812892,0,856445,0,394330
2024-04-28 00:00:00,2024-04-28 00:00:00,1580,000000,2970,000000,1498,000000,0,077853,1,000000,0,000000,0,774745,0,776129,0,739620,0,395619
2024-04-29 00:00:00,2024-04-29 00:00:00,59,000000,106,000000,33,000000,0,495421,1,000000,0,000000,0,430648,0,422913,0,356670,0,396907
2024-05-02 00:00:00,2024-05-02 00:00:00,184,000000,156,000000,114,000000,1,000000,0,654813,0,000000,0,549083,0,463658,0,479921,0,400773
2024-05-03 00:00:00,2024-05-03 00:00:00,2700,000000,5787,000000,3587,000000,0,000000,1,000000,0,372588,0,831076,0,846998,0,827899,0,402062
2024-05-04 00:00:00,2024-05-04 00:00:00,1514,000000,3497,000000,1714,000000,0,000000,1,000000,0,148185,0,770260,0,793482,0,753236,0,403351
2024-05-05 00:00:00,2024-05-05 00:00:00,2115,000000,3937,000000,3865,000000,0,000000,1,000000,0,970293,0,805402,0,806072,0,835446,0,404639
2024-05-06 00:00:00,2024-05-06 00:00:00,122,000000,135,000000,123,000000,0,000000,1,000000,0,080593,0,506151,0,448399,0,487542,0,405928
2024-05-09 00:00:00,2024-05-09 00:00:00,690,000000,1757,000000,1064,000000,0,000000,1,000000,0,463262,0,687689,0,720368,0,705047,0,409794
2024-05-10 00:00:00,2024-05-10 00:00:00,1608,000000,3502,000000,2686,000000,0,000000,1,000000,0,659136,0,776591,0,793633,0,798651,0,411083
2024-05-11 00:00:00,2024-05-11 00:00:00,1316,000000,2512,000000,1594,000000,0,000000,1,000000,0,296411,0,755528,0,758337,0,745899,0,412371
2024-05-12 00:00:00,2024-05-12 00:00:00,1527,000000,8461,000000,1390,000000,0,052026,1,000000,0,000000,0,771159,0,887358,0,732057,0,413660
2024-05-13 00:00:00,2024-05-13 00:00:00,93,000000,409,000000,41,000000,0,353579,1,000000,0,000000,0,477869,0,565665,0,378043,0,414949
2024-05-16 00:00:00,2024-05-16 00:00:00,840,000000,2208,000000,1296,000000,0,000000,1,000000,0,448603,0,708352,0,744635,0,724980,0,418814
2024-05-17 00:00:00,2024-05-17 00:00:00,1817,000000,3786,000000,1807,000000,0,007460,1,000000,0,000000,0,789437,0,801917,0,758577,0,420103
2024-05-18 00:00:00,2024-05-18 00:00:00,2194,000000,6172,000000,1634,000000,0,221701,1,000000,0,000000,0,809258,0,853841,0,748404,0,421392
2024-05-19 00:00:00,2024-05-19 00:00:00,1733,000000,3765,000000,2832,000000,0,000000,1,000000,0,632951,0,784461,0,801327,0,804002,0,422680
2024-05-20 00:00:00,2024-05-20 00:00:00,53,000000,102,000000,111,000000,0,000000,0,885171,1,000000,0,419566,0,418864,0,477248,0,423969
2024-05-24 00:00:00,2024-05-24 00:00:00,2651,000000,2946,000000,1814,000000,0,782395,1,000000,0,000000,0,829151,0,775267,0,758968,0,429124
2024-05-25 00:00:00,2024-05-25 00:00:00,2417,000000,5374,000000,3749,000000,0,000000,1,000000,0,549331,0,819435,0,839131,0,832365,0,430412
2024-05-26 00:00:00,2024-05-26 00:00:00,1805,000000,5445,000000,5542,000000,0,000000,0,984257,1,000000,0,788740,0,840525,0,871890,0,431701
2024-05-27 00:00:00,2024-05-27 00:00:00,57,000000,194,000000,156,000000,0,000000,1,000000,0,821242,0,427082,0,486692,0,511409,0,432990
2024-05-31 00:00:00,2024-05-31 00:00:00,1843,000000,3575,000000,5932,000000,0,000000,0,566757,1,000000,0,790930,0,795825,0,878767,0,438144
2024-06-01 00:00:00,2024-06-01 00:00:00,1844,000000,4192,000000,6650,000000,0,000000,0,640213,1,000000,0,790987,0,812740,0,890322,0,439433
2024-06-02 00:00:00,2024-06-02 00:00:00,1422,000000,2846,000000,3115,000000,0,000000,0,884809,1,000000,0,763670,0,771598,0,813633,0,440722
2024-06-03 00:00:00,2024-06-03 00:00:00,61,000000,113,000000,57,000000,0,098692,1,000000,0,000000,0,434097,0,429647,0,410689,0,442010
2024-06-06 00:00:00,2024-06-06 00:00:00,547,000000,835,000000,279,000000,0,613880,1,000000,0,000000,0,663302,0,641378,0,569925,0,445876
2024-06-07 00:00:00,2024-06-07 00:00:00,2391,000000,3507,000000,1899,000000,0,375536,1,000000,0,000000,0,818298,0,793785,0,763597,0,447165
2024-06-08 00:00:00,2024-06-08 00:00:00,2470,000000,3022,000000,1504,000000,0,710912,1,000000,0,000000,0,821715,0,777973,0,740024,0,448454
2024-06-09 00:00:00,2024-06-09 00:00:00,7204,000000,3555,000000,2051,000000,1,000000,0,437770,0,000000,0,934275,0,795229,0,771381,0,449742
2024-06-10 00:00:00,2024-06-10 00:00:00,422,000000,310,000000,104,000000,1,000000,0,779262,0,000000,0,636070,0,536297,0,470720,0,451031
2024-06-13 00:00:00,2024-06-13 00:00:00,1992,000000,3773,000000,3287,000000,0,000000,1,000000,0,784093,0,799103,0,801552,0,819067,0,454897
2024-06-14 00:00:00,2024-06-14 00:00:00,2711,000000,4855,000000,3079,000000,0,000000,1,000000,0,218433,0,831504,0,828340,0,812457,0,456186
2024-06-15 00:00:00,2024-06-15 00:00:00,2251,000000,3090,000000,1609,000000,0,514495,1,000000,0,000000,0,811954,0,780337,0,746846,0,457474
2024-06-16 00:00:00,2024-06-16 00:00:00,1431,000000,2633,000000,2715,000000,0,000000,0,952105,1,000000,0,764334,0,763335,0,799737,0,458763
2024-06-17 00:00:00,2024-06-17 00:00:00,85,000000,75,000000,64,000000,1,000000,0,558458,0,000000,0,468514,0,386559,0,422214,0,460052
2024-06-21 00:00:00,2024-06-21 00:00:00,365,000000,798,000000,576,000000,0,000000,1,000000,0,583058,0,620846,0,636568,0,643057,0,465206
2024-06-22 00:00:00,2024-06-22 00:00:00,3154,000000,5783,000000,5240,000000,0,000000,1,000000,0,837350,0,847418,0,846924,0,866224,0,466495
2024-06-23 00:00:00,2024-06-23 00:00:00,4069,000000,5346,000000,5503,000000,0,000000,0,904118,1,000000,0,874203,0,838576,0,871176,0,467784
2024-06-24 00:00:00,2024-06-24 00:00:00,227,000000,157,000000,182,000000,1,000000,0,000000,0,400520,0,571065,0,464332,0,526908,0,469072
2024-06-28 00:00:00,2024-06-28 00:00:00,1309,000000,3274,000000,7525,000000,0,000000,0,524093,1,000000,0,754968,0,786481,0,902823,0,474227
2024-06-29 00:00:00,2024-06-29 00:00:00,3070,000000,6501,000000,7844,000000,0,000000,0,799796,1,000000,0,844580,0,859359,0,907022,0,475516
2024-06-30 00:00:00,2024-06-30 00:00:00,3322,000000,6416,000000,5255,000000,0,000000,1,000000,0,696723,0,852875,0,857961,0,866513,0,476804
2024-07-01 00:00:00,2024-07-01 00:00:00,290,000000,218,000000,176,000000,1,000000,0,428265,0,000000,0,596727,0,499026,0,523536,0,478093
2024-07-05 00:00:00,2024-07-05 00:00:00,241,000000,460,000000,272,000000,0,000000,1,000000,0,187031,0,577333,0,578124,0,567364,0,483247
2024-07-06 00:00:00,2024-07-06 00:00:00,3282,000000,2962,000000,3526,000000,0,588567,0,000000,1,000000,0,851601,0,775842,0,826164,0,484536
2024-07-07 00:00:00,2024-07-07 00:00:00,3223,000000,5085,000000,8816,000000,0,000000,0,453124,1,000000,0,849693,0,833258,0,918836,0,485825
2024-07-08 00:00:00,2024-07-08 00:00:00,2434,000000,573,000000,226,000000,1,000000,0,390972,0,000000,0,820172,0,601422,0,548701,0,487113
2024-07-11 00:00:00,2024-07-11 00:00:00,2740,000000,4883,000000,3273,000000,0,000000,1,000000,0,307613,0,832623,0,828951,0,818636,0,490979
2024-07-12 00:00:00,2024-07-12 00:00:00,2000,000000,5217,000000,3219,000000,0,000000,1,000000,0,496349,0,799525,0,835981,0,816953,0,492268
2024-07-13 00:00:00,2024-07-13 00:00:00,2099,000000,3696,000000,4644,000000,0,000000,0,712454,1,000000,0,804604,0,799361,0,854013,0,493557
2024-07-14 00:00:00,2024-07-14 00:00:00,1647,000000,4411,000000,3747,000000,0,000000,1,000000,0,834371,0,779111,0,818150,0,832311,0,494845
2024-07-15 00:00:00,2024-07-15 00:00:00,67,000000,178,000000,79,000000,0,000000,1,000000,0,167913,0,443813,0,477594,0,443215,0,496134
2024-07-18 00:00:00,2024-07-18 00:00:00,2416,000000,10035,000000,5313,000000,0,000000,1,000000,0,553378,0,819391,0,905487,0,867623,0,500000
2024-07-19 00:00:00,2024-07-19 00:00:00,6785,000000,12022,000000,6477,000000,0,075111,1,000000,0,000000,0,927973,0,924683,0,887656,0,501289
2024-07-20 00:00:00,2024-07-20 00:00:00,643,000000,578,000000,281,000000,1,000000,0,871159,0,000000,0,680280,0,602343,0,570645,0,502577
2024-07-22 00:00:00,2024-07-22 00:00:00,1813,000000,1919,000000,580,000000,0,952489,1,000000,0,000000,0,789205,0,729735,0,643756,0,505155
2024-07-23 00:00:00,2024-07-23 00:00:00,13458,000000,13218,000000,9008,000000,1,000000,0,955177,0,000000,1,000000,0,934761,0,921015,0,506443
2024-07-24 00:00:00,2024-07-24 00:00:00,320,000000,424,000000,310,000000,0,101340,1,000000,0,000000,0,607047,0,569484,0,580545,0,507732
2024-07-25 00:00:00,2024-07-25 00:00:00,5016,000000,13755,000000,7183,000000,0,000000,1,000000,0,355949,0,896206,0,938993,0,898119,0,509021
2024-07-26 00:00:00,2024-07-26 00:00:00,3494,000000,4622,000000,2859,000000,0,417541,1,000000,0,000000,0,858183,0,823115,0,804962,0,510309
2024-07-27 00:00:00,2024-07-27 00:00:00,8804,000000,21335,000000,9581,000000,0,000000,1,000000,0,095548,0,955369,0,985636,0,927251,0,511598
2024-07-28 00:00:00,2024-07-28 00:00:00,218,000000,581,000000,902,000000,0,000000,0,689936,1,000000,0,566829,0,602893,0,688358,0,512887
2024-07-30 00:00:00,2024-07-30 00:00:00,5089,000000,11777,000000,2841,000000,0,409903,1,000000,0,000000,0,897725,0,922495,0,804323,0,515464
2024-07-31 00:00:00,2024-07-31 00:00:00,6530,000000,11869,000000,4630,000000,0,365249,1,000000,0,000000,0,923945,0,923322,0,853708,0,516753
2024-08-01 00:00:00,2024-08-01 00:00:00,194,000000,310,000000,210,000000,0,000000,1,000000,0,168937,0,554620,0,536297,0,541308,0,518041
2024-08-04 00:00:00,2024-08-04 00:00:00,3510,000000,7273,000000,5544,000000,0,000000,1,000000,0,627393,0,858663,0,871282,0,871927,0,521907
2024-08-05 00:00:00,2024-08-05 00:00:00,11506,000000,8164,000000,8287,000000,1,000000,0,000000,0,043578,0,983519,0,883561,0,912578,0,523196
2024-08-06 00:00:00,2024-08-06 00:00:00,121,000000,281,000000,264,000000,0,000000,1,000000,0,925793,0,505293,0,525895,0,564356,0,524485
2024-08-09 00:00:00,2024-08-09 00:00:00,9341,000000,9760,000000,19670,000000,0,000000,0,058922,1,000000,0,961596,0,902534,1,000000,0,528351
2024-08-10 00:00:00,2024-08-10 00:00:00,381,000000,965,000000,2383,000000,0,000000,0,506655,1,000000,0,625346,0,656738,0,786549,0,529639
2024-08-12 00:00:00,2024-08-12 00:00:00,4604,000000,12707,000000,4064,000000,0,109429,1,000000,0,000000,0,887193,0,930572,0,840523,0,532217
2024-08-13 00:00:00,2024-08-13 00:00:00,4598,000000,8128,000000,2401,000000,0,532785,1,000000,0,000000,0,887055,0,883092,0,787310,0,533505
2024-08-14 00:00:00,2024-08-14 00:00:00,4676,000000,5090,000000,2011,000000,0,908635,1,000000,0,000000,0,888824,0,833362,0,769390,0,534794
2024-08-15 00:00:00,2024-08-15 00:00:00,193,000000,207,000000,71,000000,0,934318,1,000000,0,000000,0,554080,0,493550,0,432559,0,536083
2024-08-18 00:00:00,2024-08-18 00:00:00,416,000000,1345,000000,405,000000,0,022305,1,000000,0,000000,0,634567,0,691990,0,607506,0,539949
2024-08-19 00:00:00,2024-08-19 00:00:00,2208,000000,6654,000000,3325,000000,0,000000,1,000000,0,371074,0,809926,0,861831,0,820229,0,541237
2024-08-20 00:00:00,2024-08-20 00:00:00,3044,000000,10215,000000,5438,000000,0,000000,1,000000,0,479237,0,843685,0,907376,0,869974,0,542526
2024-08-21 00:00:00,2024-08-21 00:00:00,4068,000000,8257,000000,3203,000000,0,252431,1,000000,0,000000,0,874177,0,884765,0,816450,0,543814
2024-08-22 00:00:00,2024-08-22 00:00:00,366,000000,293,000000,113,000000,1,000000,0,810307,0,000000,0,621133,0,530323,0,479038,0,545103
2024-08-25 00:00:00,2024-08-25 00:00:00,297,000000,1155,000000,1721,000000,0,000000,0,772813,1,000000,0,599227,0,675819,0,753648,0,548969
2024-08-26 00:00:00,2024-08-26 00:00:00,3096,000000,6451,000000,5788,000000,0,000000,1,000000,0,852265,0,845466,0,858539,0,876282,0,550258
2024-08-27 00:00:00,2024-08-27 00:00:00,2738,000000,6096,000000,2361,000000,0,156159,1,000000,0,000000,0,832546,0,852525,0,785612,0,551546
2024-08-28 00:00:00,2024-08-28 00:00:00,3045,000000,5566,000000,4203,000000,0,000000,1,000000,0,534317,0,843720,0,842861,0,843924,0,552835
2024-08-29 00:00:00,2024-08-29 00:00:00,130,000000,171,000000,232,000000,0,000000,0,472868,1,000000,0,512779,0,473354,0,551339,0,554124
2024-09-02 00:00:00,2024-09-02 00:00:00,5997,000000,3425,000000,1687,000000,1,000000,0,558293,0,000000,0,914990,0,791271,0,751631,0,559278
2024-09-03 00:00:00,2024-09-03 00:00:00,5300,000000,6922,000000,2730,000000,0,713009,1,000000,0,000000,0,901997,0,866026,0,800294,0,560567
2024-09-04 00:00:00,2024-09-04 00:00:00,3314,000000,7218,000000,9152,000000,0,000000,0,766287,1,000000,0,852621,0,870475,0,922618,0,561856
2024-09-05 00:00:00,2024-09-05 00:00:00,96,000000,260,000000,299,000000,0,000000,0,876658,1,000000,0,481174,0,517671,0,576903,0,563144
2024-09-07 00:00:00,2024-09-07 00:00:00,148,000000,294,000000,113,000000,0,281610,1,000000,0,000000,0,526321,0,530684,0,479038,0,565722
2024-09-08 00:00:00,2024-09-08 00:00:00,2325,000000,6007,000000,1883,000000,0,181731,1,000000,0,000000,0,815355,0,850962,0,762742,0,567010
2024-09-09 00:00:00,2024-09-09 00:00:00,2848,000000,5474,000000,3597,000000,0,000000,1,000000,0,357320,0,836687,0,841090,0,828180,0,568299
2024-09-10 00:00:00,2024-09-10 00:00:00,1865,000000,3731,000000,1743,000000,0,088879,1,000000,0,000000,0,792178,0,800363,0,754932,0,569588
2024-09-11 00:00:00,2024-09-11 00:00:00,2035,000000,4237,000000,3271,000000,0,000000,1,000000,0,647131,0,801348,0,813874,0,818574,0,570876
2024-09-12 00:00:00,2024-09-12 00:00:00,55,000000,149,000000,125,000000,0,000000,1,000000,0,823042,0,423391,0,458811,0,489161,0,572165
2024-09-15 00:00:00,2024-09-15 00:00:00,762,000000,2368,000000,785,000000,0,000000,1,000000,0,026213,0,698115,0,752066,0,674322,0,576031
2024-09-16 00:00:00,2024-09-16 00:00:00,2529,000000,3804,000000,1777,000000,0,463615,1,000000,0,000000,0,824197,0,802421,0,756885,0,577320
2024-09-17 00:00:00,2024-09-17 00:00:00,6766,000000,4559,000000,2073,000000,1,000000,0,666208,0,000000,0,927678,0,821657,0,772460,0,578608
2024-09-18 00:00:00,2024-09-18 00:00:00,3992,000000,5171,000000,2230,000000,0,692301,1,000000,0,000000,0,872194,0,835040,0,779840,0,579897
2024-09-19 00:00:00,2024-09-19 00:00:00,52,000000,135,000000,47,000000,0,095147,1,000000,0,000000,0,417600,0,448399,0,391549,0,581186
2024-09-23 00:00:00,2024-09-23 00:00:00,1600,000000,3768,000000,2950,000000,0,000000,1,000000,0,714236,0,776067,0,801411,0,808130,0,586340
2024-09-24 00:00:00,2024-09-24 00:00:00,2215,000000,4608,000000,4867,000000,0,000000,0,930529,1,000000,0,810259,0,822792,0,858756,0,587629
2024-09-25 00:00:00,2024-09-25 00:00:00,3739,000000,5238,000000,7338,000000,0,000000,0,499980,1,000000,0,865309,0,836407,0,900278,0,588918
2024-09-26 00:00:00,2024-09-26 00:00:00,77,000000,99,000000,151,000000,0,000000,0,372410,1,000000,0,458244,0,415723,0,508135,0,590206
2024-09-29 00:00:00,2024-09-29 00:00:00,2124,000000,2562,000000,1174,000000,0,759708,1,000000,0,000000,0,805849,0,760431,0,714989,0,594072
2024-09-30 00:00:00,2024-09-30 00:00:00,3299,000000,4438,000000,2343,000000,0,535671,1,000000,0,000000,0,852144,0,818799,0,784838,0,595361
2024-10-01 00:00:00,2024-10-01 00:00:00,2752,000000,4995,000000,5091,000000,0,000000,0,969050,1,000000,0,833082,0,831360,0,863307,0,596650
2024-10-02 00:00:00,2024-10-02 00:00:00,2345,000000,4996,000000,3492,000000,0,000000,1,000000,0,526432,0,816255,0,831382,0,825184,0,597938
2024-10-03 00:00:00,2024-10-03 00:00:00,60,000000,135,000000,94,000000,0,000000,1,000000,0,552524,0,432387,0,448399,0,460597,0,599227
2024-10-08 00:00:00,2024-10-08 00:00:00,594,000000,2219,000000,1062,000000,0,000000,1,000000,0,440715,0,671957,0,745163,0,704857,0,605670
2024-10-09 00:00:00,2024-10-09 00:00:00,6817,000000,24423,000000,7374,000000,0,000000,1,000000,0,061544,0,928468,1,000000,0,900773,0,606959
2024-10-10 00:00:00,2024-10-10 00:00:00,392,000000,1378,000000,491,000000,0,000000,1,000000,0,178976,0,628332,0,694564,0,626939,0,608247
2024-10-13 00:00:00,2024-10-13 00:00:00,87,000000,481,000000,97,000000,0,000000,1,000000,0,063290,0,470932,0,582858,0,463742,0,612113
2024-10-14 00:00:00,2024-10-14 00:00:00,2270,000000,9299,000000,3534,000000,0,000000,1,000000,0,313871,0,812838,0,897393,0,826393,0,613402
2024-10-15 00:00:00,2024-10-15 00:00:00,2459,000000,8402,000000,6058,000000,0,000000,1,000000,0,733770,0,821246,0,886615,0,880893,0,614691
2024-10-16 00:00:00,2024-10-16 00:00:00,2226,000000,6507,000000,7620,000000,0,000000,0,871673,1,000000,0,810780,0,859457,0,904091,0,615979
2024-10-17 00:00:00,2024-10-17 00:00:00,61,000000,314,000000,185,000000,0,000000,1,000000,0,675887,0,434097,0,537655,0,528553,0,617268
2024-10-22 00:00:00,2024-10-22 00:00:00,8158,000000,23143,000000,16690,000000,0,000000,1,000000,0,686494,0,947354,0,994280,0,983385,0,623711
2024-10-23 00:00:00,2024-10-23 00:00:00,406,000000,645,000000,458,000000,0,000000,1,000000,0,260261,0,632014,0,613979,0,619916,0,625000
2024-10-25 00:00:00,2024-10-25 00:00:00,2163,000000,7532,000000,2895,000000,0,000000,1,000000,0,233596,0,807761,0,875000,0,806227,0,627577
2024-10-26 00:00:00,2024-10-26 00:00:00,1943,000000,8978,000000,2142,000000,0,000000,1,000000,0,063693,0,796485,0,893660,0,775770,0,628866
2024-10-27 00:00:00,2024-10-27 00:00:00,1781,000000,5706,000000,3230,000000,0,000000,1,000000,0,511235,0,787333,0,845500,0,817298,0,630155
2024-10-28 00:00:00,2024-10-28 00:00:00,2934,000000,5444,000000,2972,000000,0,000000,1,000000,0,020816,0,839815,0,840506,0,808881,0,631443
2024-10-29 00:00:00,2024-10-29 00:00:00,7,000000,13,000000,10,000000,0,000000,1,000000,0,569058,0,218718,0,206788,0,242533,0,632732
2024-11-01 00:00:00,2024-11-01 00:00:00,257,000000,976,000000,437,000000,0,000000,1,000000,0,397483,0,584067,0,657941,0,615180,0,636598
2024-11-02 00:00:00,2024-11-02 00:00:00,2655,000000,4450,000000,2538,000000,0,080253,1,000000,0,000000,0,829309,0,819085,0,792920,0,637887
2024-11-03 00:00:00,2024-11-03 00:00:00,1855,000000,4915,000000,1613,000000,0,125436,1,000000,0,000000,0,791612,0,829645,0,747097,0,639175
2024-11-04 00:00:00,2024-11-04 00:00:00,4604,000000,8268,000000,7780,000000,0,000000,1,000000,0,896086,0,887193,0,884906,0,906193,0,640464
2024-11-05 00:00:00,2024-11-05 00:00:00,20,000000,16,000000,16,000000,1,000000,0,000000,0,000000,0,320227,0,227421,0,286562,0,641753
2024-11-08 00:00:00,2024-11-08 00:00:00,1482,000000,3818,000000,3209,000000,0,000000,1,000000,0,816351,0,768014,0,802812,0,816639,0,645619
2024-11-09 00:00:00,2024-11-09 00:00:00,2482,000000,4591,000000,6262,000000,0,000000,0,664563,1,000000,0,822225,0,822400,0,884242,0,646907
2024-11-10 00:00:00,2024-11-10 00:00:00,2003,000000,3227,000000,3709,000000,0,000000,0,774035,1,000000,0,799682,0,784945,0,831280,0,648196
2024-11-11 00:00:00,2024-11-11 00:00:00,2089,000000,3939,000000,6455,000000,0,000000,0,562149,1,000000,0,804102,0,806126,0,887312,0,649485
2024-11-12 00:00:00,2024-11-12 00:00:00,7,000000,31,000000,46,000000,0,000000,0,782905,1,000000,0,218718,0,294637,0,389419,0,650773
2024-11-15 00:00:00,2024-11-15 00:00:00,7576,000000,17678,000000,10223,000000,0,000000,1,000000,0,353635,0,939570,0,965656,0,933811,0,654639
2024-11-16 00:00:00,2024-11-16 00:00:00,3342,000000,8144,000000,2949,000000,0,123143,1,000000,0,000000,0,853506,0,883301,0,808096,0,655928
2024-11-17 00:00:00,2024-11-17 00:00:00,9,000000,24,000000,5,000000,0,357943,1,000000,0,000000,0,242189,0,268404,0,181226,0,657217
2024-11-20 00:00:00,2024-11-20 00:00:00,675,000000,1704,000000,782,000000,0,000000,1,000000,0,158832,0,685381,0,717115,0,673935,0,661083
2024-11-21 00:00:00,2024-11-21 00:00:00,3842,000000,7854,000000,2382,000000,0,400651,1,000000,0,000000,0,868166,0,879448,0,786507,0,662371
2024-11-22 00:00:00,2024-11-22 00:00:00,4730,000000,6707,000000,4892,000000,0,000000,1,000000,0,096426,0,890032,0,862674,0,859274,0,663660
2024-11-23 00:00:00,2024-11-23 00:00:00,2200,000000,5580,000000,2876,000000,0,000000,1,000000,0,287855,0,809545,0,843127,0,805561,0,664949
2024-11-24 00:00:00,2024-11-24 00:00:00,9,000000,10,000000,7,000000,0,700710,1,000000,0,000000,0,242189,0,181160,0,210323,0,666237
2024-11-27 00:00:00,2024-11-27 00:00:00,3004,000000,3920,000000,982,000000,0,807683,1,000000,0,000000,0,842294,0,805613,0,696943,0,670103
2024-11-28 00:00:00,2024-11-28 00:00:00,3762,000000,5939,000000,2477,000000,0,477851,1,000000,0,000000,0,865954,0,849752,0,790461,0,671392
2024-11-29 00:00:00,2024-11-29 00:00:00,2031,000000,5654,000000,2818,000000,0,000000,1,000000,0,319839,0,801142,0,844527,0,803501,0,672680
2024-11-30 00:00:00,2024-11-30 00:00:00,1872,000000,3914,000000,2658,000000,0,000000,1,000000,0,475276,0,792572,0,805450,0,797591,0,673969
2024-12-01 00:00:00,2024-12-01 00:00:00,1,000000,5,000000,13,000000,0,000000,0,564575,1,000000,0,072906,0,116747,0,266925,0,675258
2024-12-03 00:00:00,2024-12-03 00:00:00,29,000000,103,000000,66,000000,0,000000,1,000000,0,646316,0,357742,0,419891,0,425279,0,677835
2024-12-04 00:00:00,2024-12-04 00:00:00,2036,000000,4179,000000,2182,000000,0,000000,1,000000,0,096298,0,801400,0,812410,0,777641,0,679124
2024-12-05 00:00:00,2024-12-05 00:00:00,5239,000000,6846,000000,2877,000000,0,691376,1,000000,0,000000,0,900780,0,864853,0,805596,0,680412
2024-12-06 00:00:00,2024-12-06 00:00:00,2461,000000,5220,000000,1311,000000,0,455727,1,000000,0,000000,0,821331,0,836042,0,726143,0,681701
2024-12-07 00:00:00,2024-12-07 00:00:00,1367,000000,4220,000000,1203,000000,0,101800,1,000000,0,000000,0,759524,0,813447,0,717455,0,682990
2024-12-08 00:00:00,2024-12-08 00:00:00,0,000000,11,000000,0,000000,0,000000,1,000000,0,000000,0,000000,0,190407,0,000000,0,684278
2024-12-11 00:00:00,2024-12-11 00:00:00,3583,000000,11737,000000,6368,000000,0,000000,1,000000,0,484649,0,860828,0,922134,0,885940,0,688144
2024-12-12 00:00:00,2024-12-12 00:00:00,4213,000000,9192,000000,7361,000000,0,000000,1,000000,0,715254,0,877860,0,896163,0,900594,0,689433
2024-12-13 00:00:00,2024-12-13 00:00:00,23,000000,14,000000,9,000000,1,000000,0,463141,0,000000,0,334272,0,214120,0,232893,0,690722
2024-12-16 00:00:00,2024-12-16 00:00:00,560,000000,1345,000000,598,000000,0,000000,1,000000,0,074889,0,665768,0,691990,0,646842,0,694588
2024-12-17 00:00:00,2024-12-17 00:00:00,4499,000000,10759,000000,8444,000000,0,000000,1,000000,0,722100,0,884767,0,912889,0,914476,0,695876
2024-12-18 00:00:00,2024-12-18 00:00:00,3969,000000,7241,000000,8522,000000,0,000000,0,786818,1,000000,0,871586,0,870813,0,915406,0,697165
2024-12-19 00:00:00,2024-12-19 00:00:00,15,000000,24,000000,24,000000,0,000000,1,000000,1,000000,0,291624,0,268404,0,325570,0,698454
2024-12-23 00:00:00,2024-12-23 00:00:00,524,000000,1141,000000,2282,000000,0,000000,0,528720,1,000000,0,658792,0,674524,0,782171,0,703608
2024-12-24 00:00:00,2024-12-24 00:00:00,6680,000000,11251,000000,6773,000000,0,000000,1,000000,0,026518,0,926333,0,917640,0,892175,0,704897
2024-12-25 00:00:00,2024-12-25 00:00:00,2952,000000,9287,000000,4077,000000,0,000000,1,000000,0,281687,0,840458,0,897256,0,840846,0,706186
2024-12-26 00:00:00,2024-12-26 00:00:00,7,000000,20,000000,6,000000,0,121546,1,000000,0,000000,0,218718,0,249876,0,196817,0,707474
2024-12-29 00:00:00,2024-12-29 00:00:00,1471,000000,2712,000000,773,000000,0,512507,1,000000,0,000000,0,767231,0,766475,0,672766,0,711340
2024-12-30 00:00:00,2024-12-30 00:00:00,3059,000000,6381,000000,2430,000000,0,238413,1,000000,0,000000,0,844202,0,857380,0,788524,0,712629
2024-12-31 00:00:00,2024-12-31 00:00:00,3745,000000,4035,000000,1962,000000,0,896550,1,000000,0,000000,0,865478,0,808685,0,766896,0,713918
2025-01-01 00:00:00,2025-01-01 00:00:00,4247,000000,3923,000000,2888,000000,1,000000,0,794219,0,000000,0,878705,0,805694,0,805982,0,715206
2025-01-02 00:00:00,2025-01-02 00:00:00,7,000000,11,000000,6,000000,0,247741,1,000000,0,000000,0,218718,0,190407,0,196817,0,716495
2025-01-04 00:00:00,2025-01-04 00:00:00,1031,000000,1956,000000,926,000000,0,143600,1,000000,0,000000,0,729879,0,731763,0,691011,0,719072
2025-01-05 00:00:00,2025-01-05 00:00:00,2397,000000,3935,000000,2847,000000,0,000000,1,000000,0,347067,0,818561,0,806018,0,804537,0,720361
2025-01-06 00:00:00,2025-01-06 00:00:00,3225,000000,3856,000000,3150,000000,0,116355,1,000000,0,000000,0,849759,0,803864,0,814762,0,721650
2025-01-07 00:00:00,2025-01-07 00:00:00,2438,000000,3503,000000,3101,000000,0,000000,1,000000,0,663671,0,820344,0,793664,0,813177,0,722938
2025-01-08 00:00:00,2025-01-08 00:00:00,1929,000000,3587,000000,2738,000000,0,000000,1,000000,0,564565,0,795725,0,796181,0,800589,0,724227
2025-01-09 00:00:00,2025-01-09 00:00:00,7,000000,15,000000,9,000000,0,000000,1,000000,0,321928,0,218718,0,220978,0,232893,0,725516
2025-01-12 00:00:00,2025-01-12 00:00:00,1239,000000,2861,000000,3612,000000,0,000000,0,782109,1,000000,0,749192,0,772157,0,828601,0,729381
2025-01-13 00:00:00,2025-01-13 00:00:00,2343,000000,4480,000000,4201,000000,0,000000,1,000000,0,900792,0,816165,0,819799,0,843876,0,730670
2025-01-14 00:00:00,2025-01-14 00:00:00,1964,000000,4668,000000,2766,000000,0,000000,1,000000,0,395483,0,797615,0,824167,0,801618,0,731959
2025-01-15 00:00:00,2025-01-15 00:00:00,1956,000000,4020,000000,2564,000000,0,000000,1,000000,0,375697,0,797186,0,808289,0,793951,0,733248
2025-01-16 00:00:00,2025-01-16 00:00:00,8,000000,11,000000,7,000000,0,290489,1,000000,0,000000,0,231107,0,190407,0,210323,0,734536
2025-01-19 00:00:00,2025-01-19 00:00:00,984,000000,1850,000000,814,000000,0,230958,1,000000,0,000000,0,724976,0,725846,0,677987,0,738402
2025-01-20 00:00:00,2025-01-20 00:00:00,2489,000000,3464,000000,2593,000000,0,000000,1,000000,0,123834,0,822521,0,792474,0,795088,0,739691
2025-01-21 00:00:00,2025-01-21 00:00:00,2342,000000,3067,000000,2385,000000,0,000000,1,000000,0,067459,0,816121,0,779543,0,786634,0,740979
2025-01-22 00:00:00,2025-01-22 00:00:00,2498,000000,8200,000000,2980,000000,0,000000,1,000000,0,148413,0,822900,0,884029,0,809153,0,742268
2025-01-23 00:00:00,2025-01-23 00:00:00,10,000000,15,000000,9,000000,0,202786,1,000000,0,000000,0,252214,0,220978,0,232893,0,743557
2025-01-28 00:00:00,2025-01-28 00:00:00,2092,000000,4766,000000,6357,000000,0,000000,0,740804,1,000000,0,804253,0,826374,0,885765,0,750000
2025-01-29 00:00:00,2025-01-29 00:00:00,5754,000000,13292,000000,8382,000000,0,000000,1,000000,0,449296,0,910640,0,935354,0,913730,0,751289
2025-01-30 00:00:00,2025-01-30 00:00:00,11,000000,32,000000,14,000000,0,000000,1,000000,0,220585,0,261365,0,297907,0,273903,0,752577
2025-02-01 00:00:00,2025-02-01 00:00:00,220,000000,385,000000,309,000000,0,000000,1,000000,0,606823,0,567785,0,559255,0,580219,0,755155
2025-02-02 00:00:00,2025-02-02 00:00:00,1556,000000,3243,000000,2700,000000,0,000000,1,000000,0,750445,0,773136,0,785471,0,799176,0,756443
2025-02-03 00:00:00,2025-02-03 00:00:00,1563,000000,3617,000000,2135,000000,0,000000,1,000000,0,371644,0,773608,0,797066,0,775439,0,757732
2025-02-04 00:00:00,2025-02-04 00:00:00,2691,000000,4122,000000,1463,000000,0,588282,1,000000,0,000000,0,830725,0,810951,0,737231,0,759021
2025-02-05 00:00:00,2025-02-05 00:00:00,3376,000000,3546,000000,1701,000000,0,933114,1,000000,0,000000,0,854570,0,794960,0,752466,0,760309
2025-02-06 00:00:00,2025-02-06 00:00:00,9,000000,9,000000,5,000000,1,000000,1,000000,0,000000,0,242189,0,171032,0,181226,0,761598
2025-02-10 00:00:00,2025-02-10 00:00:00,5285,000000,6187,000000,4622,000000,0,459644,1,000000,0,000000,0,901699,0,854099,0,853533,0,766753
2025-02-11 00:00:00,2025-02-11 00:00:00,3418,000000,5365,000000,4245,000000,0,000000,1,000000,0,480615,0,855870,0,838953,0,844929,0,768041
2025-02-12 00:00:00,2025-02-12 00:00:00,3310,000000,5983,000000,3938,000000,0,000000,1,000000,0,293452,0,852494,0,850537,0,837338,0,769330
2025-02-13 00:00:00,2025-02-13 00:00:00,21,000000,15,000000,11,000000,1,000000,0,474617,0,000000,0,325120,0,220978,0,251333,0,770619
2025-02-14 00:00:00,2025-02-14 00:00:00,3056,000000,5269,000000,5680,000000,0,000000,0,878817,1,000000,0,844099,0,837034,0,874377,0,771907
2025-02-15 00:00:00,2025-02-15 00:00:00,2547,000000,5763,000000,5119,000000,0,000000,1,000000,0,854865,0,824943,0,846556,0,863861,0,773196
2025-02-16 00:00:00,2025-02-16 00:00:00,1209,000000,3751,000000,1936,000000,0,000000,1,000000,0,415775,0,746616,0,800931,0,765548,0,774485
2025-02-17 00:00:00,2025-02-17 00:00:00,1879,000000,5347,000000,3309,000000,0,000000,1,000000,0,541084,0,792964,0,838596,0,819742,0,775773
2025-02-18 00:00:00,2025-02-18 00:00:00,5,000000,17,000000,13,000000,0,000000,1,000000,0,771244,0,188459,0,233495,0,266925,0,777062
2025-02-20 00:00:00,2025-02-20 00:00:00,541,000000,1571,000000,652,000000,0,000000,1,000000,0,174966,0,662144,0,708484,0,655572,0,779639
2025-02-21 00:00:00,2025-02-21 00:00:00,1775,000000,4458,000000,2341,000000,0,000000,1,000000,0,300514,0,786978,0,819276,0,784752,0,780928
2025-02-22 00:00:00,2025-02-22 00:00:00,1189,000000,2839,000000,1855,000000,0,000000,1,000000,0,510973,0,744863,0,771337,0,761227,0,782217
2025-02-23 00:00:00,2025-02-23 00:00:00,1571,000000,5181,000000,1721,000000,0,000000,1,000000,0,076404,0,774145,0,835245,0,753648,0,783505
2025-02-24 00:00:00,2025-02-24 00:00:00,1332,000000,3260,000000,1648,000000,0,000000,1,000000,0,237801,0,756798,0,786026,0,749267,0,784794
2025-02-25 00:00:00,2025-02-25 00:00:00,3,000000,4,000000,9,000000,0,000000,0,243529,1,000000,0,145812,0,097372,0,232893,0,786083
2025-02-27 00:00:00,2025-02-27 00:00:00,613,000000,1391,000000,1635,000000,0,000000,0,835194,1,000000,0,675263,0,695561,0,748466,0,788660
2025-02-28 00:00:00,2025-02-28 00:00:00,3013,000000,4275,000000,4217,000000,0,000000,1,000000,0,960953,0,842609,0,814823,0,844260,0,789949
2025-03-01 00:00:00,2025-03-01 00:00:00,1521,000000,2554,000000,1235,000000,0,286633,1,000000,0,000000,0,770745,0,760099,0,720108,0,791237
2025-03-02 00:00:00,2025-03-02 00:00:00,1347,000000,3557,000000,2815,000000,0,000000,1,000000,0,759028,0,757975,0,795289,0,803394,0,792526
2025-03-03 00:00:00,2025-03-03 00:00:00,1919,000000,4285,000000,1998,000000,0,000000,1,000000,0,050212,0,795178,0,815071,0,768735,0,793814
2025-03-04 00:00:00,2025-03-04 00:00:00,8,000000,14,000000,3,000000,0,613525,1,000000,0,000000,0,231107,0,214120,0,140215,0,795103
2025-03-07 00:00:00,2025-03-07 00:00:00,1732,000000,3401,000000,1049,000000,0,426229,1,000000,0,000000,0,784400,0,790524,0,703612,0,798969
2025-03-08 00:00:00,2025-03-08 00:00:00,2495,000000,3609,000000,2521,000000,0,000000,1,000000,0,028082,0,822774,0,796831,0,792241,0,800258
2025-03-09 00:00:00,2025-03-09 00:00:00,2189,000000,3722,000000,3435,000000,0,000000,1,000000,0,848817,0,809018,0,800106,0,823520,0,801546
2025-03-10 00:00:00,2025-03-10 00:00:00,1758,000000,5201,000000,1747,000000,0,005752,1,000000,0,000000,0,785967,0,835654,0,755164,0,802835
2025-03-11 00:00:00,2025-03-11 00:00:00,6,000000,28,000000,7,000000,0,000000,1,000000,0,093945,0,204673,0,284176,0,210323,0,804124
2025-03-15 00:00:00,2025-03-15 00:00:00,1113,000000,4695,000000,1634,000000,0,000000,1,000000,0,266679,0,737921,0,824780,0,748404,0,809278
2025-03-16 00:00:00,2025-03-16 00:00:00,1534,000000,5133,000000,3043,000000,0,000000,1,000000,0,567060,0,771639,0,834256,0,811268,0,810567
2025-03-17 00:00:00,2025-03-17 00:00:00,5151,000000,5525,000000,6111,000000,0,000000,0,410138,1,000000,0,898998,0,842075,0,881774,0,811856
2025-03-18 00:00:00,2025-03-18 00:00:00,24,000000,21,000000,16,000000,1,000000,0,668536,0,000000,0,338565,0,254820,0,286562,0,813144
2025-03-21 00:00:00,2025-03-21 00:00:00,1935,000000,4172,000000,2644,000000,0,000000,1,000000,0,406305,0,796051,0,812232,0,797057,0,817010
2025-03-22 00:00:00,2025-03-22 00:00:00,1671,000000,3485,000000,2714,000000,0,000000,1,000000,0,659791,0,780631,0,793116,0,799699,0,818299
2025-03-23 00:00:00,2025-03-23 00:00:00,1311,000000,3181,000000,1731,000000,0,000000,1,000000,0,313474,0,755128,0,783420,0,754234,0,819588
2025-03-24 00:00:00,2025-03-24 00:00:00,1730,000000,4082,000000,2313,000000,0,000000,1,000000,0,338267,0,784279,0,809915,0,783535,0,820876
2025-03-25 00:00:00,2025-03-25 00:00:00,5,000000,11,000000,15,000000,0,000000,0,706695,1,000000,0,188459,0,190407,0,280431,0,822165
2025-03-27 00:00:00,2025-03-27 00:00:00,1580,000000,1917,000000,796,000000,0,779972,1,000000,0,000000,0,774745,0,729624,0,675728,0,824742
2025-03-28 00:00:00,2025-03-28 00:00:00,3206,000000,4614,000000,1895,000000,0,590839,1,000000,0,000000,0,849137,0,822931,0,763384,0,826031
2025-03-29 00:00:00,2025-03-29 00:00:00,1621,000000,2548,000000,1837,000000,0,000000,1,000000,0,276564,0,777438,0,759849,0,760242,0,827320
2025-03-30 00:00:00,2025-03-30 00:00:00,1105,000000,3565,000000,1766,000000,0,000000,1,000000,0,400218,0,737163,0,795528,0,756257,0,828608
2025-03-31 00:00:00,2025-03-31 00:00:00,2860,000000,4053,000000,2269,000000,0,399003,1,000000,0,000000,0,837129,0,809157,0,781593,0,829897
2025-04-01 00:00:00,2025-04-01 00:00:00,87,000000,122,000000,59,000000,0,533535,1,000000,0,000000,0,470932,0,437722,0,414118,0,831186
2025-04-04 00:00:00,2025-04-04 00:00:00,997,000000,1662,000000,631,000000,0,472216,1,000000,0,000000,0,726355,0,714464,0,652266,0,835052
2025-04-05 00:00:00,2025-04-05 00:00:00,1524,000000,4112,000000,1370,000000,0,096899,1,000000,0,000000,0,770952,0,810693,0,730593,0,836340
2025-04-06 00:00:00,2025-04-06 00:00:00,1788,000000,3185,000000,1208,000000,0,404411,1,000000,0,000000,0,787745,0,783554,0,717874,0,837629
2025-04-07 00:00:00,2025-04-07 00:00:00,2456,000000,5403,000000,1639,000000,0,339006,1,000000,0,000000,0,821118,0,839703,0,748713,0,838918
2025-04-08 00:00:00,2025-04-08 00:00:00,106,000000,199,000000,70,000000,0,396035,1,000000,0,000000,0,491494,0,489382,0,431144,0,840206
2025-04-11 00:00:00,2025-04-11 00:00:00,1546,000000,2018,000000,1436,000000,0,216913,1,000000,0,000000,0,772458,0,735078,0,735348,0,844072
2025-04-12 00:00:00,2025-04-12 00:00:00,2332,000000,3672,000000,3702,000000,0,000000,0,982392,1,000000,0,815671,0,798669,0,831089,0,845361
2025-04-13 00:00:00,2025-04-13 00:00:00,1660,000000,4000,000000,3271,000000,0,000000,1,000000,0,771201,0,779937,0,807759,0,818574,0,846650
2025-04-14 00:00:00,2025-04-14 00:00:00,1543,000000,4210,000000,3152,000000,0,000000,1,000000,0,711613,0,772254,0,813195,0,814827,0,847938
2025-04-15 00:00:00,2025-04-15 00:00:00,35,000000,151,000000,122,000000,0,000000,1,000000,0,853026,0,376919,0,460218,0,486723,0,849227
2025-04-19 00:00:00,2025-04-19 00:00:00,1486,000000,6235,000000,3722,000000,0,000000,1,000000,0,640195,0,768298,0,854920,0,831634,0,854381
2025-04-20 00:00:00,2025-04-20 00:00:00,1113,000000,4527,000000,3297,000000,0,000000,1,000000,0,773972,0,737921,0,820908,0,819374,0,855670
2025-04-21 00:00:00,2025-04-21 00:00:00,1229,000000,4012,000000,2147,000000,0,000000,1,000000,0,471468,0,748340,0,808077,0,776006,0,856959
2025-04-22 00:00:00,2025-04-22 00:00:00,55,000000,106,000000,71,000000,0,000000,1,000000,0,388144,0,423391,0,422913,0,432559,0,858248
2025-04-26 00:00:00,2025-04-26 00:00:00,1228,000000,3045,000000,2524,000000,0,000000,1,000000,0,793321,0,748254,0,778778,0,792361,0,863402
2025-04-27 00:00:00,2025-04-27 00:00:00,1109,000000,2451,000000,1820,000000,0,000000,1,000000,0,624604,0,737543,0,755726,0,759302,0,864691
2025-04-28 00:00:00,2025-04-28 00:00:00,2937,000000,10067,000000,3569,000000,0,000000,1,000000,0,158194,0,839923,0,905825,0,827390,0,865979
2025-04-29 00:00:00,2025-04-29 00:00:00,114,000000,274,000000,112,000000,0,019726,1,000000,0,000000,0,499078,0,523224,0,478147,0,867268
2025-05-03 00:00:00,2025-05-03 00:00:00,447,000000,1029,000000,381,000000,0,160675,1,000000,0,000000,0,642109,0,663555,0,601343,0,872423
2025-05-04 00:00:00,2025-05-04 00:00:00,1691,000000,8803,000000,3398,000000,0,000000,1,000000,0,422950,0,781882,0,891568,0,822425,0,873711
2025-05-05 00:00:00,2025-05-05 00:00:00,2924,000000,9809,000000,10889,000000,0,000000,0,920549,1,000000,0,839456,0,903066,0,940194,0,875000
2025-05-06 00:00:00,2025-05-06 00:00:00,176,000000,443,000000,810,000000,0,000000,0,604207,1,000000,0,544434,0,574132,0,677489,0,876289
2025-05-08 00:00:00,2025-05-08 00:00:00,432,000000,799,000000,477,000000,0,000000,1,000000,0,161064,0,638528,0,636701,0,624019,0,878866
2025-05-09 00:00:00,2025-05-09 00:00:00,3141,000000,9091,000000,7911,000000,0,000000,1,000000,0,869167,0,846984,0,894989,0,907882,0,880155
2025-05-10 00:00:00,2025-05-10 00:00:00,2112,000000,5396,000000,4353,000000,0,000000,1,000000,0,770992,0,805253,0,839565,0,847470,0,881443
2025-05-11 00:00:00,2025-05-11 00:00:00,1527,000000,3126,000000,2537,000000,0,000000,1,000000,0,708569,0,771159,0,781567,0,792881,0,882732
2025-05-12 00:00:00,2025-05-12 00:00:00,1235,000000,2622,000000,1527,000000,0,000000,1,000000,0,281856,0,748852,0,762890,0,741559,0,884021
2025-05-13 00:00:00,2025-05-13 00:00:00,30,000000,130,000000,54,000000,0,000000,1,000000,0,397823,0,361191,0,444418,0,405317,0,885309
2025-05-16 00:00:00,2025-05-16 00:00:00,700,000000,1354,000000,781,000000,0,000000,1,000000,0,165916,0,689201,0,692698,0,673806,0,889175
2025-05-17 00:00:00,2025-05-17 00:00:00,1277,000000,4268,000000,2806,000000,0,000000,1,000000,0,652376,0,752367,0,814649,0,803070,0,890464
2025-05-18 00:00:00,2025-05-18 00:00:00,1858,000000,6554,000000,1685,000000,0,071936,1,000000,0,000000,0,791782,0,860222,0,751511,0,891753
2025-05-19 00:00:00,2025-05-19 00:00:00,1401,000000,4929,000000,4296,000000,0,000000,1,000000,0,890712,0,762107,0,829947,0,846137,0,893041
2025-05-20 00:00:00,2025-05-20 00:00:00,96,000000,284,000000,361,000000,0,000000,0,818400,1,000000,0,481174,0,527019,0,595904,0,894330
2025-05-21 00:00:00,2025-05-21 00:00:00,927,000000,3838,000000,2334,000000,0,000000,1,000000,0,649844,0,718706,0,803367,0,784449,0,895619
2025-05-22 00:00:00,2025-05-22 00:00:00,3642,000000,11841,000000,7032,000000,0,000000,1,000000,0,558009,0,862545,0,923071,0,895970,0,896907
2025-05-23 00:00:00,2025-05-23 00:00:00,3349,000000,8207,000000,4793,000000,0,000000,1,000000,0,399939,0,853726,0,884119,0,857207,0,898196
2025-05-24 00:00:00,2025-05-24 00:00:00,101,000000,326,000000,110,000000,0,000000,1,000000,0,072582,0,486460,0,541628,0,476340,0,899485
2025-05-28 00:00:00,2025-05-28 00:00:00,2876,000000,6356,000000,2167,000000,0,263019,1,000000,0,000000,0,837716,0,856962,0,776943,0,904639
2025-05-29 00:00:00,2025-05-29 00:00:00,1838,000000,6511,000000,2639,000000,0,000000,1,000000,0,285946,0,790645,0,859522,0,796866,0,905928
2025-05-30 00:00:00,2025-05-30 00:00:00,1626,000000,7316,000000,2412,000000,0,000000,1,000000,0,262150,0,777762,0,871908,0,787772,0,907217
2025-05-31 00:00:00,2025-05-31 00:00:00,54,000000,250,000000,55,000000,0,000000,1,000000,0,011869,0,421496,0,513519,0,407140,0,908505
2025-06-04 00:00:00,2025-06-04 00:00:00,1731,000000,3605,000000,6699,000000,0,000000,0,542065,1,000000,0,784340,0,796713,0,891064,0,913660
2025-06-05 00:00:00,2025-06-05 00:00:00,1727,000000,5204,000000,5239,000000,0,000000,0,993959,1,000000,0,784096,0,835716,0,866204,0,914949
2025-06-06 00:00:00,2025-06-06 00:00:00,2397,000000,5669,000000,5253,000000,0,000000,1,000000,0,911453,0,818561,0,844809,0,866474,0,916237
2025-06-07 00:00:00,2025-06-07 00:00:00,136,000000,173,000000,117,000000,0,384417,1,000000,0,000000,0,517489,0,474583,0,482526,0,917526
2025-06-10 00:00:00,2025-06-10 00:00:00,107,000000,136,000000,227,000000,0,000000,0,318315,1,000000,0,492472,0,449177,0,549145,0,921392
2025-06-11 00:00:00,2025-06-11 00:00:00,1796,000000,4005,000000,2760,000000,0,000000,1,000000,0,535722,0,788215,0,807892,0,801399,0,922680
2025-06-12 00:00:00,2025-06-12 00:00:00,2122,000000,6692,000000,2483,000000,0,000000,1,000000,0,136767,0,805750,0,862436,0,790705,0,923969
2025-06-13 00:00:00,2025-06-13 00:00:00,2645,000000,4379,000000,3069,000000,0,000000,1,000000,0,294899,0,828912,0,817377,0,812128,0,925258
2025-06-14 00:00:00,2025-06-14 00:00:00,61,000000,95,000000,123,000000,0,000000,0,630766,1,000000,0,434097,0,411385,0,487542,0,926547
2025-06-17 00:00:00,2025-06-17 00:00:00,322,000000,722,000000,503,000000,0,000000,1,000000,0,552181,0,607700,0,625946,0,629376,0,930412
2025-06-18 00:00:00,2025-06-18 00:00:00,2033,000000,3504,000000,3045,000000,0,000000,1,000000,0,742072,0,801245,0,793694,0,811335,0,931701
2025-06-19 00:00:00,2025-06-19 00:00:00,5095,000000,4772,000000,2487,000000,1,000000,0,908672,0,000000,0,897849,0,826508,0,790868,0,932990
2025-06-20 00:00:00,2025-06-20 00:00:00,1853,000000,3974,000000,3019,000000,0,000000,1,000000,0,639733,0,791499,0,807066,0,810468,0,934278
2025-06-21 00:00:00,2025-06-21 00:00:00,43,000000,127,000000,151,000000,0,000000,0,861377,1,000000,0,398026,0,441956,0,508135,0,935567
2025-06-24 00:00:00,2025-06-24 00:00:00,985,000000,2361,000000,974,000000,0,012679,1,000000,0,000000,0,725083,0,751752,0,696117,0,939433
2025-06-25 00:00:00,2025-06-25 00:00:00,3081,000000,5324,000000,3087,000000,0,000000,1,000000,0,003558,0,844956,0,838138,0,812720,0,940722
2025-06-26 00:00:00,2025-06-26 00:00:00,2581,000000,8275,000000,3943,000000,0,000000,1,000000,0,363696,0,826337,0,884996,0,837467,0,942010
2025-06-27 00:00:00,2025-06-27 00:00:00,1958,000000,5612,000000,1843,000000,0,054348,1,000000,0,000000,0,797293,0,843735,0,760571,0,943299
2025-06-28 00:00:00,2025-06-28 00:00:00,47,000000,169,000000,60,000000,0,000000,1,000000,0,189525,0,407178,0,472112,0,415790,0,944588
2025-06-30 00:00:00,2025-06-30 00:00:00,522,000000,934,000000,763,000000,0,000000,1,000000,0,652339,0,658390,0,653272,0,671451,0,947165
2025-07-01 00:00:00,2025-07-01 00:00:00,3422,000000,5927,000000,3365,000000,0,029670,1,000000,0,000000,0,855993,0,849537,0,821438,0,948454
2025-07-02 00:00:00,2025-07-02 00:00:00,1934,000000,5041,000000,2713,000000,0,000000,1,000000,0,353261,0,795997,0,832334,0,799662,0,949742
2025-07-03 00:00:00,2025-07-03 00:00:00,1539,000000,3962,000000,2449,000000,0,000000,1,000000,0,491215,0,771981,0,806745,0,789311,0,951031
2025-07-04 00:00:00,2025-07-04 00:00:00,1489,000000,4089,000000,2509,000000,0,000000,1,000000,0,516462,0,768510,0,810097,0,791759,0,952320
2025-07-05 00:00:00,2025-07-05 00:00:00,44,000000,164,000000,84,000000,0,000000,1,000000,0,489492,0,400389,0,468939,0,449347,0,953608
2025-07-08 00:00:00,2025-07-08 00:00:00,1641,000000,5902,000000,1598,000000,0,020318,1,000000,0,000000,0,778727,0,849088,0,746152,0,957474
2025-07-09 00:00:00,2025-07-09 00:00:00,1181,000000,3677,000000,1223,000000,0,000000,1,000000,0,030759,0,744153,0,798814,0,719121,0,958763
2025-07-10 00:00:00,2025-07-10 00:00:00,1878,000000,3859,000000,2553,000000,0,000000,1,000000,0,426322,0,792908,0,803946,0,793516,0,960052
2025-07-11 00:00:00,2025-07-11 00:00:00,1648,000000,4432,000000,2522,000000,0,000000,1,000000,0,430050,0,779174,0,818655,0,792281,0,961340
2025-07-12 00:00:00,2025-07-12 00:00:00,34,000000,154,000000,98,000000,0,000000,1,000000,0,698735,0,373956,0,462295,0,464769,0,962629
2025-07-15 00:00:00,2025-07-15 00:00:00,1693,000000,2560,000000,1036,000000,0,542837,1,000000,0,000000,0,782006,0,760348,0,702352,0,966495
2025-07-16 00:00:00,2025-07-16 00:00:00,1671,000000,3441,000000,2021,000000,0,000000,1,000000,0,263239,0,780631,0,791767,0,769892,0,967784
2025-07-17 00:00:00,2025-07-17 00:00:00,2105,000000,4185,000000,2421,000000,0,000000,1,000000,0,203511,0,804904,0,812562,0,788149,0,969072
2025-07-18 00:00:00,2025-07-18 00:00:00,3111,000000,5150,000000,8274,000000,0,000000,0,515275,1,000000,0,845975,0,834607,0,912419,0,970361
2025-07-19 00:00:00,2025-07-19 00:00:00,104,000000,249,000000,279,000000,0,000000,0,884457,1,000000,0,489509,0,513095,0,569925,0,971650
2025-07-22 00:00:00,2025-07-22 00:00:00,691,000000,3117,000000,1599,000000,0,000000,1,000000,0,556792,0,687841,0,781261,0,746216,0,975516
2025-07-23 00:00:00,2025-07-23 00:00:00,1205,000000,3725,000000,1759,000000,0,000000,1,000000,0,335103,0,746267,0,800192,0,755856,0,976804
2025-07-24 00:00:00,2025-07-24 00:00:00,1620,000000,5717,000000,1678,000000,0,000000,1,000000,0,027888,0,777373,0,845705,0,751090,0,978093
2025-07-25 00:00:00,2025-07-25 00:00:00,1225,000000,4289,000000,3390,000000,0,000000,1,000000,0,812251,0,747997,0,815170,0,822187,0,979381
2025-07-26 00:00:00,2025-07-26 00:00:00,31,000000,107,000000,97,000000,0,000000,1,000000,0,920122,0,364530,0,423901,0,463742,0,980670
2025-07-29 00:00:00,2025-07-29 00:00:00,606,000000,1899,000000,721,000000,0,000000,1,000000,0,152046,0,674057,0,728622,0,665732,0,984536
2025-07-30 00:00:00,2025-07-30 00:00:00,3024,000000,4540,000000,1667,000000,0,594382,1,000000,0,000000,0,842992,0,821213,0,750425,0,985825
2025-07-31 00:00:00,2025-07-31 00:00:00,3384,000000,4607,000000,1543,000000,0,717913,1,000000,0,000000,0,854819,0,822769,0,742612,0,987113
2025-08-01 00:00:00,2025-08-01 00:00:00,3324,000000,5379,000000,1849,000000,0,549211,1,000000,0,000000,0,852938,0,839230,0,760900,0,988402
2025-08-02 00:00:00,2025-08-02 00:00:00,88,000000,202,000000,67,000000,0,246072,1,000000,0,000000,0,472120,0,490964,0,426778,0,989691
2025-08-05 00:00:00,2025-08-05 00:00:00,309,000000,694,000000,350,000000,0,000000,1,000000,0,153856,0,603380,0,621749,0,592783,0,993557
2025-08-06 00:00:00,2025-08-06 00:00:00,1711,000000,2924,000000,2331,000000,0,000000,1,000000,0,577008,0,783118,0,774471,0,784319,0,994845
2025-08-07 00:00:00,2025-08-07 00:00:00,1514,000000,2775,000000,5829,000000,0,000000,0,449388,1,000000,0,770260,0,768915,0,876996,0,996134
2025-08-08 00:00:00,2025-08-08 00:00:00,1418,000000,4040,000000,3432,000000,0,000000,1,000000,0,844193,0,763374,0,808816,0,823432,0,997423
2025-08-09 00:00:00,2025-08-09 00:00:00,395,000000,1428,000000,500,000000,0,000000,1,000000,0,183269,0,629132,0,698349,0,628772,0,998711
2025-08-10 00:00:00,2025-08-10 00:00:00,333,000000,1249,000000,468,000000,0,000000,1,000000,0,257215,0,611223,0,684127,0,622096,1,000000
